{
  "version": 2,
  "builds": [
    {
      "src": "wsgi.py",
      "use": "@vercel/python"
    }
  ],
  "routes": [
    {
      "src": "/(.*)",
      "dest": "wsgi.py"
    }
  ],
  "env": {
    "FLASK_APP": "wsgi.py",
    "FLASK_ENV": "production",
    "SUPABASE_URL": "https://aaluawvcohqfhevkdnuv.supabase.co",
    "SUPABASE_KEY": "eyJhbGciOiJIUzI1NiIsInR5cCI6IkpXVCJ9.eyJpc3MiOiJzdXBhYmFzZSIsInJlZiI6ImFhbHVhd3Zjb2hxZmhldmtkbnV2Iiwicm9sZSI6ImFub24iLCJpYXQiOjE3NDIyNzY3MzcsImV4cCI6MjA1Nzg1MjczN30.kKL_B4sw1nwY6lbzgyPHQYoC_uqDsPkT51ZOnhr6MNA"
  }
}
